Algorithm,Relocated containers,Relocation rate (%),Moving distance *
Human,244.0,95.6,Not available
PPO with prediction,217.70528379387602,85.37462109563766,4267.240361277072
PPO without prediction,221.65326860841424,86.92285043467224,4296.7771116504855
